ID,poNumber,title,status,priority,totalAmount,currency,department,costCenter,requiredByDate,expectedDelivery,vendor_ID,budget_ID,aiRecommendation,aiConfidenceScore,aiReasoningSummary,aiReviewedAt,agentThreadId,approvedBy,approvedAt,rejectedReason,isDeleted,createdAt,createdBy
PO1,PO-2026-00001,Amoxicillin Bulk Order,APPROVED,Medium,84075.00,INR,Pharmacy General,CC-PH-01,2026-06-15,2026-06-10,V1,B6,APPROVE,92.0,All checks passed. Budget is sufficient. Vendor is reliable.,2026-05-20T10:00:00Z,thread-1,manager1@hospital.com,2026-05-21T09:00:00Z,,false,2026-05-20T09:00:00Z,user1@hospital.com
PO2,PO-2026-00002,Paracetamol Restock,APPROVED,Low,29500.00,INR,Pharmacy General,CC-PH-01,2026-06-20,2026-06-15,V2,B6,APPROVE,95.0,Standard reorder. No issues.,2026-05-22T11:00:00Z,thread-2,manager1@hospital.com,2026-05-22T14:00:00Z,,false,2026-05-22T10:00:00Z,user1@hospital.com
PO3,PO-2026-00003,Hepatitis B Vaccines,AI_REVIEW,High,53100.00,INR,Pediatrics,CC-PED-01,2026-07-01,2026-06-25,V3,B3,,,,,,,false,2026-05-25T08:00:00Z,user2@hospital.com
PO4,PO-2026-00004,Morphine for Palliative Care,MANUAL_REVIEW,Urgent,10030.00,INR,Oncology,CC-ONC-01,2026-06-05,2026-06-02,V1,B2,MANUAL_REVIEW,65.0,Contains narcotics. Requires manual approval per compliance policy.,2026-05-26T09:00:00Z,thread-4,,,,,false,2026-05-26T08:30:00Z,user3@hospital.com
PO5,PO-2026-00005,N95 Masks for Emergency,REJECTED,Medium,41300.00,INR,Emergency,CC-EM-01,2026-06-10,2026-06-05,V5,B4,REJECT,88.0,Vendor Global Meds has HIGH risk score and recent delivery delays.,2026-05-27T10:00:00Z,thread-5,,,,,false,2026-05-27T09:00:00Z,user4@hospital.com
PO6,PO-2026-00006,Insulin Glargine Quarterly,SUBMITTED,High,150450.00,INR,Pharmacy General,CC-PH-01,2026-06-30,2026-06-25,V7,B6,,,,,,,false,2026-05-28T11:00:00Z,user1@hospital.com
PO7,PO-2026-00007,Surgical Instruments Maintenance,DRAFT,Low,50150.00,INR,Surgery,CC-SUR-01,2026-07-15,2026-07-10,V4,B8,,,,,,,false,2026-05-29T12:00:00Z,user5@hospital.com
PO8,PO-2026-00008,Adalimumab for Rheumatology,AI_REVIEW,Medium,295000.00,INR,Oncology,CC-ONC-01,2026-07-05,2026-06-30,V3,B2,,,,,,,false,2026-05-30T08:00:00Z,user3@hospital.com
PO9,PO-2026-00009,Rapid Antigen Tests,APPROVED,Low,29500.00,INR,Emergency,CC-EM-01,2026-06-15,2026-06-10,V10,B4,APPROVE,98.0,Standard diagnostic reorder. Vendor is reliable.,2026-05-30T14:00:00Z,thread-9,manager2@hospital.com,2026-05-30T16:00:00Z,,false,2026-05-30T13:00:00Z,user4@hospital.com
PO10,PO-2026-00010,Metformin Bulk Purchase,SUBMITTED,Medium,53100.00,INR,Pharmacy General,CC-PH-01,2026-07-20,2026-07-15,V8,B6,,,,,,,false,2026-05-31T09:00:00Z,user1@hospital.com